{
  "Male": {
    "precision": 0.977743271221532,
    "recall": 0.9603457041179461,
    "f1-score": 0.9689664016414465,
    "support": 1967.0
  },
  "Female": {
    "precision": 0.9235294117647059,
    "recall": 0.9563451776649746,
    "f1-score": 0.9396508728179551,
    "support": 985.0
  },
  "accuracy": 0.9590108401084011,
  "macro avg": {
    "precision": 0.9506363414931189,
    "recall": 0.9583454408914603,
    "f1-score": 0.9543086372297008,
    "support": 2952.0
  },
  "weighted avg": {
    "precision": 0.9596536196073812,
    "recall": 0.9590108401084011,
    "f1-score": 0.9591846279655865,
    "support": 2952.0
  }
}