{
  "North": {
    "precision": 0.7805810397553516,
    "recall": 0.8154952076677316,
    "f1-score": 0.79765625,
    "support": 1252.0
  },
  "Central": {
    "precision": 0.6076759061833689,
    "recall": 0.6721698113207547,
    "f1-score": 0.6382978723404256,
    "support": 848.0
  },
  "South": {
    "precision": 0.7889518413597734,
    "recall": 0.653755868544601,
    "f1-score": 0.7150192554557124,
    "support": 852.0
  },
  "accuracy": 0.7276422764227642,
  "macro avg": {
    "precision": 0.7257362624328313,
    "recall": 0.713806962511029,
    "f1-score": 0.716991125932046,
    "support": 2952.0
  },
  "weighted avg": {
    "precision": 0.733327777457901,
    "recall": 0.7276422764227642,
    "f1-score": 0.7280279899705109,
    "support": 2952.0
  }
}