epoch,train_loss,val_loss,val_region_accuracy,val_region_macro_f1,val_region_weighted_f1,val_gender_accuracy,val_gender_macro_f1,val_gender_weighted_f1,joint_score
1,1.6168145114742516,1.2602649978705642,0.4496815286624204,0.4425663020847539,0.4468388633883655,0.9372611464968152,0.9311570190448367,0.9382208328448803,0.6868616605647953
2,1.185475097741156,1.3485123791160778,0.4519108280254777,0.4455113450038927,0.44913809630522133,0.8942675159235669,0.8875398930891103,0.8970181325511962,0.6665256190465015
3,1.0049198415539033,1.1919661373582504,0.5786624203821656,0.5788822555707087,0.5805993118394767,0.8964968152866242,0.8899656311072175,0.8992032014106397,0.7344239433389631
4,0.8261263049037354,1.0053250396828008,0.6270700636942675,0.6279743651114962,0.6289621127893487,0.9449044585987261,0.9395439811916586,0.9457472288434736,0.7837591731515774
5,0.7117793240446734,1.0776504619430949,0.6477707006369426,0.647363630968428,0.6454093964321977,0.913375796178344,0.9068686141734001,0.9153514707147848,0.777116122570914
6,0.6514615693465704,1.0165303729228088,0.6640127388535032,0.6647940601228458,0.664096729001509,0.928343949044586,0.9222812547336656,0.929761112481004,0.7935376574282558
7,0.6187497265933048,0.9566517845744091,0.6707006369426751,0.6705947230586213,0.6697040605486329,0.945859872611465,0.9405799785918724,0.9466834458239227,0.8055873508252469
8,0.5998810493462795,0.97095197393694,0.6792993630573249,0.6807048321135719,0.6799951912835707,0.9449044585987261,0.9395691075569097,0.9457565135882552,0.8101369698352408
